,name,type_,group,genre_list,gender,language_list,model_list,debut,status,freq,subs,views
0,Lize Helesta,VTuber,Nijisanji,[],Female,['Japanese'],"['3D', 'L2D']",2019/03/23,+ Add,Every 2.51 Day(s),609k,104.6m
1,Naraka,VTuber,Nijisanji,[],Female,['Japanese'],['L2D'],2019/12/29,+ Add,Every 1.91 Day(s),285k,25.3m
2,Takao Shinji,VTuber,Independent,[],Male,['Japanese'],['L2D'],+ Add,+ Add,Every 1.83 Day(s),151k,41.9m
3,Shellin Burgundy,VTuber,Nijisanji,[],Male,['Japanese'],['L2D'],2019/09/21,+ Add,Every 2.83 Day(s),254k,29.9m
4,Souya Ichika,VTuber,AniMare,[],Female,['Japanese'],"['3D', 'L2D']",2018/06/09,+ Add,Every 1.72 Day(s),90.1k,9.4m
5,Shimamura Charlotte,VTuber,HoneyStrap,[],Female,['Japanese'],"['3D', 'L2D']",2018/07/14,+ Add,Every 1.16 Day(s),75.9k,8m
6,Cry,VStreamer,Independent,['Art'],Female,['English'],[],+ Add,Active,Every 9.44 Day(s),475.7k,41.5m
7,Lumi Celestia,VTuber,MAHAPANCA,[],Female,['Indonesian'],['L2D'],2020/08/01,+ Add,Every 4.79 Day(s),177k,5.9m
8,Wolfychu,VStreamer,Independent,['Gaming'],Female,['English'],['L2D'],11/08/2020,Active,Every 1.96 Day(s),501.1k,5.3m
9,Sakura Ritsuki,VTuber,Nijisanji,[],Female,['Japanese'],"['3D', 'L2D']",2018/08/31,+ Add,Every 1.16 Day(s),205k,26m
10,LITA,VTuber,Wright Flyer Live Entertainment,[],Female,['Japanese'],['3D'],2018/06/07,+ Add,Every 13 Day(s),109k,16.8m
11,ビートまりお / COOL&CREATE,VTuber,Independent,[],Female,['Japanese'],[],+ Add,+ Add,Every 2.15 Day(s),150k,20.2m
12,Projekt Melody,VTuber,VShojo,"['Gaming', 'Mature']",Female,['English'],['3D'],2020-02-07,+ Add,Every 1.82 Day(s),1.1m,25.7m
13,Hanabasami Kyo,VTuber,Re:AcT,[],Female,['Japanese'],"['3D', 'L2D']",2018/09/14,+ Add,Every 11.37 Day(s),299k,60m
14,macoto,VTuber,Independent,"['ASMR', 'Chatting', 'Cooking', 'Gaming', 'Music']",Female,['Japanese'],"['3D', 'JPEG', 'L2D']",12/08/2018,Active,Every 8.92 Day(s),151.9k,1.8m
15,遠北千南 / Achikita Chinami 【にじさんじ】,VTuber,Independent,[],Female,['Japanese'],[],+ Add,+ Add,—,77k,3.8m
16,Fushimi Gaku,VTuber,Nijisanji,"['Chatting', 'Gaming']",Male,['Japanese'],['L2D'],2018/03/19,Active,Every 1.8 Day(s),182k,16.7m
17,Shishigami Leona,VTuber,Re:AcT,[],Female,['Japanese'],"['3D', 'L2D']",2018/09/15,+ Add,Every 1.74 Day(s),269k,72.5m
18,WhisperMute ,VStreamer,Independent,"['Chatting', 'Gaming']",Agender,['English'],['3D'],2018-08-05,Active,Every 1.47 Day(s),146.9k,26.8m
19,Shirayuri Lily,VTuber,Independent,[],Female,['Japanese'],"['3D', 'L2D']",26 May 2018,+ Add,Every 0.54 Day(s),114k,8m
20,Kanae,VTuber,Nijisanji,[],Male,['Japanese'],"['3D', 'L2D']",2018/05/02,Active,Every 0.94 Day(s),1.3m,326.3m
21,WooHooLad,VStreamer,Independent,['Gaming'],Genderfluid,['English'],['L2D'],+ Add,Active,Every 0.35 Day(s),121.1k,3.1m
22,Takanashi Kiara,VTuber,Hololive,[],Female,"['English', 'German', 'Japanese']",['L2D'],2020/09/12,Active,Every 1.1 Day(s),1.3m,101.9m
23,Juno,VTuber,Independent,[],Female,['English'],['3D'],2019-01-10,+ Add,Every 10.5 Day(s),73.9k,2.1m
24,GammaInkk,VStreamer,Independent,[],Female,['English'],[],+ Add,+ Add,Every 3.2 Day(s),84.1k,700.9k
25,Eli Conifer,VTuber,Nijisanji,[],Female,['Japanese'],['L2D'],2019/08/13,+ Add,Every 2.88 Day(s),170k,11.4m
26,Domyoji Cocoa,VTuber,Independent,[],Female,['Japanese'],['3D'],2018/07/24,+ Add,Every 4.3 Day(s),226k,32.8m
27,バーチャルジャニーズプロジェクト公式,VTuber,Independent,[],Female,['Japanese'],[],+ Add,+ Add,Every 4.39 Day(s),186k,22.5m
28,Beeewitch,VStreamer,Independent,"['Anime', 'Chatting', 'Education', 'Gaming', 'Horror', 'LGBTQ+']",Female,['English'],"['3D', 'L2D']",01/05/2020,Active,Every 6.55 Day(s),140.5k,8.7m
29,Lewdcast,VTuber,VShojo,"['Chatting', 'Mature']",Female,['English'],"['3D', 'L2D']",09/09/2020,Active,Every 7 Day(s),86.4k,2.4m
30,Shibuya Hal,VTuber,Independent,['Gaming'],Male,['Japanese'],['L2D'],2018/05/06,Active,Every 0.27 Day(s),817k,327.8m
31,Anny,VStreamer,Independent,"['Art', 'Chatting', 'Gaming']",Female,['English'],['L2D'],03/13/2021,Active,Every 12.93 Day(s),241.5k,5.2m
32,ねぷねぷ,VTuber,Independent,[],Female,['Japanese'],[],+ Add,+ Add,Every 3.7 Day(s),86.5k,35.3m
33,Jordan Sweeto,VStreamer,Independent,['Gaming'],Male,['English'],['L2D'],11/14/2020,Active,Every 3.94 Day(s),159.3k,2.1m
34,Yuzuki Choco,VTuber,Hololive,"['ASMR', 'Chatting', 'Gaming']",Female,['Japanese'],"['3D', 'L2D']",2018/09/05,Active,Every 2.28 Day(s),1.1m,29.6m
35,Kagura Suzu,VTuber,.LIVE,[],Female,['Japanese'],['L2D'],20/5/2018,+ Add,Every 1.63 Day(s),88.8k,18.8m
36,Aisha,VTuber,Polygon Project,[],Female,['Thai'],['L2D'],2019/07/29,Active,Every 1.17 Day(s),386k,39m
37,Nyatasha Nyanners,VTuber,VShojo,[],Female,['English'],['L2D'],2020-07-17,+ Add,Every 1 Day(s),2.2m,163.5m
38,Amemori Sayo,VTuber,Nijisanji,[],Female,['Japanese'],['L2D'],2018/08/12,+ Add,Every 29.68 Day(s),152k,15.9m
39,ガッチマンV,VTuber,Independent,[],Female,['Japanese'],[],+ Add,+ Add,Every 1.95 Day(s),443k,65.3m
40,Oozora Subaru,VTuber,Hololive,"['Chatting', 'Gaming', 'Music']",Female,['Japanese'],"['3D', 'L2D']",2018/09/16,Active,Every 1.17 Day(s),1.2m,124.2m
41,Moira,VTuber,Nijisanji,['Chatting'],Female,['Japanese'],['L2D'],2018/02/10,Active,Every 4.16 Day(s),136k,9.3m
42,Takahata,VStreamer,Independent,"['Anime', 'ASMR', 'Chatting', 'Gaming', 'Voice Acting']",Male,['English'],['L2D'],01/01/2021,Active,Every 0.45 Day(s),125.2k,12.8m
43,Ninomae Ina’nis ,VTuber,Hololive,[],Female,['English'],['L2D'],2020/09/13,Active,Every 1.44 Day(s),1.3m,81.5m
44,Mashiro (Nijisanji),VTuber,Nijisanji,[],Male,['Japanese'],['L2D'],2019/12/29,+ Add,Every 2.51 Day(s),306k,34.9m
45,Yuniiho,VTuber,Independent,"['Anime', 'Art', 'Chatting']",Female,"['English', 'Italian']",['L2D'],10/07/2020,Active,Every 1.49 Day(s),72.4k,1.2m
46,Kurusu Natsume,VTuber,Nijisanji,[],Female,['Japanese'],['L2D'],2019/12/29,+ Add,Every 1.41 Day(s),144k,11.5m
47,Warabeda Meiji,VTuber,Nijisanji,[],Female,['Japanese'],"['3D', 'L2D']",2019/01/10,+ Add,Every 8.41 Day(s),237k,24.9m
48,Sakura Miko,VTuber,Hololive,"['Chatting', 'Gaming']",Female,['Japanese'],['3D'],2018/08/01,Active,Every 0.81 Day(s),1.5m,164.4m
49,Yozakura Tama,VTuber,.LIVE,"['Chatting', 'Gaming', 'Music']",Female,['Japanese'],"['3D', 'L2D']",2018/4/27,Retired,Every 1.8 Day(s),102k,11.7m
50,Tokino Sora,VTuber,Hololive,['Music'],Female,['Japanese'],['3D'],2017/09/07,Active,Every 1.53 Day(s),917k,82.2m
51,thecodemiko,VStreamer,Independent,[],Female,['English'],[],+ Add,+ Add,Every 0.91 Day(s),1.2m,42.5m
52,Azuchi Momo,VTuber,Nijisanji,[],Female,['Japanese'],['L2D'],2018/06/15,+ Add,Every 2.22 Day(s),109k,4.4m
53,Debidebi Debiru,VTuber,Independent,[],Female,['Japanese'],"['3D', 'L2D']",2018/08/31,+ Add,Every 3.34 Day(s),519.6k,62.1m
54,Kataribe Tsumugu,VTuber,Nijisanji,[],Female,['Japanese'],['L2D'],2019/01/31,+ Add,Every 5.67 Day(s),72.9k,1m
55,Sleepybunsu,VStreamer,Independent,[],Female,['English'],['3D'],+ Add,Active,Every 4.08 Day(s),1.3m,1.8m
56,Sorahoshi Kirame,VTuber,Nijisanji,[],Female,['Japanese'],['L2D'],2020/07/11,+ Add,Every 2.03 Day(s),143k,6.9m
57,空澄セナ -Asumi Sena-,VTuber,Independent,[],Female,['Japanese'],[],+ Add,+ Add,Every 1.24 Day(s),80.4k,4m
58,MonsterZ MATE,VTuber,Upd8,[],Male,['Japanese'],['3D'],2018/02/18,+ Add,Every 2.06 Day(s),164k,59.9m
59,星園かのん,VTuber,Independent,"['Art', 'ASMR', 'Gaming']",Female,['Japanese'],['L2D'],+ Add,Active,Every 8 Day(s),102.3k,7.3m
60,Omega Sisters,VTuber,Independent,[],Female,['Japanese'],[],2018/03/05,+ Add,Every 1.71 Day(s),286k,95.1m
61,Kanbutsu Himono,VTuber,Independent,[],Female,['Japanese'],['L2D'],2018/04/19,+ Add,Every 13.67 Day(s),95.3k,4.4m
62,Tanaka Hime,VTuber,Independent,[],Female,['Japanese'],['3D'],2018/05/26,+ Add,Every 2.88 Day(s),672k,172.4m
63,Ars Almal,VTuber,Nijisanji,[],Female,['Japanese'],"['3D', 'L2D']",2019/07/28,+ Add,Every 1.17 Day(s),575k,92.7m
64,Murasaki Shion,VTuber,Hololive,"['Chatting', 'Gaming', 'Music']",Female,['Japanese'],"['3D', 'L2D']",2018/08/17,Active,Every 3.54 Day(s),960k,92.5m
65,Matsukai Mao,VTuber,Nijisanji,[],Female,['Japanese'],['L2D'],2019/11/03,+ Add,Every 1.86 Day(s),231k,24.9m
66,korewamoe,VTuber,Independent,[],Female,['English'],[],+ Add,+ Add,Every 33.55 Day(s),382.9k,75.1m
67,Shiki Miyoshino,VTuber,PRISM Project,"['Chatting', 'Gaming', 'Horror', 'Music']",Female,['English'],['L2D'],06/26/21,Active,Every 1.18 Day(s),107k,4.2m
68,Moenaomii,VTuber,Independent,"['Anime', 'Chatting', 'Gaming', 'Horror', 'Music']",Male,"['English', 'Japanese', 'Malay']","['JPEG', 'L2D']",01/01/2021,Active,Every 3.53 Day(s),119k,2m
69,Sukoya Kana,VTuber,Nijisanji,[],Female,['Japanese'],['L2D'],2019/09/21,+ Add,Every 3.58 Day(s),414k,48.6m
70,Shirakami Fubuki,VTuber,Hololive,"['Chatting', 'Gaming', 'Music']",Female,['Japanese'],"['3D', 'L2D']",2018/06/01,Active,Every 0.71 Day(s),1.8m,243.7m
71,HELLO KITTY / ハローキティ【Sanrio Official】,VTuber,Independent,[],Female,['Japanese'],[],+ Add,+ Add,Every 5.56 Day(s),308k,41.4m
72,AshuneraGames,VStreamer,Independent,[],Female,['English'],[],+ Add,+ Add,Every 3.7 Day(s),83.7k,2.8m
73,DeepWebUnderground,VTuber,Independent,['Chatting'],Female,['Japanese'],['3D'],2018/04/10,Active,Every 6.04 Day(s),106k,7.5m
74,VESPERBELL,VTuber,Independent,[],Female,['Japanese'],[],+ Add,+ Add,Every 6.86 Day(s),122k,24m
75,GreatMoonAroma 대월향,VStreamer,Independent,['Gaming'],Male,"['English', 'Japanese', 'Korean']",['3D'],2018/09/30,Active,Every 12.95 Day(s),983.4k,150m
76,芦田イリア – Ashida Channel,VTuber,Independent,[],Male,['Japanese'],[],+ Add,+ Add,Every 1.68 Day(s),104k,30.3m
77,Chloe Pawapua Ch.,VTuber,Independent,[],Male,['Japanese'],[],+ Add,+ Add,Every 4.37 Day(s),92.4k,3.3m
78,Fumino Tamaki,VTuber,Nijisanji,[],Female,['Japanese'],['L2D'],2018/03/22,+ Add,Every 2.35 Day(s),315k,36.5m
79,Kaga Nazuna なずちゃんねる,VStreamer,Independent,"['Gaming', 'Music']",Female,['Japanese'],[],10/11/2018,+ Add,Every 1.21 Day(s),176k,16m
80,Inaba Haneru,VTuber,AniMare,[],Female,['Japanese'],"['3D', 'L2D']",2018/06/09,+ Add,Every 0.69 Day(s),308k,84.9m
81,Peanuts-kun,VTuber,Independent,[],Male,['Japanese'],"['3D', 'L2D']",2017/07/04,+ Add,Every 9.94 Day(s),142k,28.7m
82,Shin Yuya,VTuber,Nijisanji,[],Female,['Korean'],['L2D'],2020/01/25,+ Add,Every 5.85 Day(s),118.3k,4.9m
83,璐洛洛 Ruroro【人造人Vtuber】,VTuber,Independent,[],Female,['Japanese'],[],+ Add,+ Add,Every 0.86 Day(s),110k,14.4m
84,Yukoku Roberu,VTuber,Hololive,[],Male,['Japanese'],['L2D'],2019/12/24,+ Add,Every 0.93 Day(s),230k,13.1m
85,RIM,VTuber,KAMITSUBAKI STUDIO,[],Female,['Japanese'],['3D'],2019/10/18,+ Add,Every 8.7 Day(s),184k,58.6m
86,Nui Sociere,VTuber,Nijisanji,[],Female,['Japanese'],"['3D', 'L2D']",2019/06/25,+ Add,Every 1.37 Day(s),357k,74.1m
87,Utai Makea,VTuber,Upd8,[],Female,['Japanese'],"['3D', 'L2D']",2018/02/25,+ Add,Every 0.51 Day(s),293k,65.8m
88,Nana,VTuber,Independent,[],Female,['Japanese'],[],+ Add,+ Add,Every 2.46 Day(s),192k,212.4m
89,Kaf,VTuber,KAMITSUBAKI STUDIO,[],Female,['Japanese'],['3D'],2018/10/18,+ Add,Every 6.34 Day(s),622k,160.7m
90,Apricot (Froot),VStreamer,VShojo,[],Female,['English'],['L2D'],11/27/2020,Active,Every 3.15 Day(s),365.7k,5.7m
91,Nekomiya Hinata,VTuber,Independent,['Gaming'],Female,['Japanese'],['3D'],2018/02/11,+ Add,Every 2.57 Day(s),530k,52m
92,Bungotaiga,VTuber,Independent,['Gaming'],Genderfluid,['English'],['3D'],04/27/2020,Active,Every 1.04 Day(s),138.5k,22.3m
93,Naruse Naru,VTuber,VOIZ,[],Male,['Japanese'],['L2D'],2018/06/09,+ Add,Every 1.8 Day(s),109k,8m
94,Veibae,VTuber,Independent,[],Female,['English'],['3D'],2020/04/12,+ Add,Every 2.34 Day(s),1.2m,26.3m
95,Kagura Mea,VTuber,Independent,[],Female,['Japanese'],['L2D'],2018/06/28,+ Add,Every 6.48 Day(s),292k,17.4m
96,Lumi,VTuber,Independent,"['Chatting', 'Gaming', 'Music']",Female,['English'],"['3D', 'L2D']",2020/07/08,Active,Every 0.88 Day(s),221.8k,8.2m
97,Hana Macchia,VTuber,Nijisanji,['Gaming'],Female,"['English', 'Indonesian', 'Japanese']",['L2D'],2019/09/13,Active,Every 2.07 Day(s),263k,12.5m
98,Ryan1993uk,VTuber,Independent,[],Female,['English'],[],+ Add,+ Add,Every 20.18 Day(s),157.2k,15.7m
99,Ryushen,VTuber,Nijisanji,['Music'],Agender,['Japanese'],"['3D', 'L2D']",2018/06/08,Active,Every 3.35 Day(s),593.6k,154m
100,Project A.I.D 公式チャンネル,VTuber,Independent,[],Agender,['Japanese'],[],+ Add,+ Add,Every 16.53 Day(s),88.3k,6.5m
101,NIJISANJI ID Official,VTuber,Independent,[],Agender,['Japanese'],[],+ Add,+ Add,Every 6.05 Day(s),78.1k,5.9m
102,Komori Met,VTuber,VApArt (ブイアパ),[],Female,['Japanese'],['L2D'],2020/05/30,+ Add,Every 0.91 Day(s),207k,26.2m
103,Shigure Ui,VTuber,Independent,[],Female,['Japanese'],['L2D'],2019/05/18,Active,Every 6.18 Day(s),650k,34.8m
104,LethalMage,VTuber,Independent,[],Female,['English'],[],+ Add,+ Add,Every 67.76 Day(s),85.8k,9.9m
105,Aoi Nabi,VTuber,Independent,"['Art', 'ASMR', 'Chatting', 'Gaming', 'Music']",Female,"['Japanese', 'Korean']",['L2D'],05/02/2021,Active,Every 4.88 Day(s),313k,2.5m
106,Shiranui Flare,VTuber,Hololive,"['Chatting', 'Gaming', 'Music']",Female,['Japanese'],"['3D', 'L2D']",2019/08/07,Active,Every 0.96 Day(s),838k,85.7m
107,Natsumi Moe,VTuber,Independent,[],Female,['English'],"['3D', 'L2D']",2018-07-30,Active,Every 2.25 Day(s),492.8k,48.6m
108,瀬兎一也/SetoKazuya,VTuber,Independent,[],Female,['Japanese'],[],+ Add,+ Add,Every 14.14 Day(s),112k,7.2m
109,Gawr Gura ,VTuber,Hololive,"['Chatting', 'Gaming', 'Music']",Female,['English'],['L2D'],2020/09/13,Active,Every 1.73 Day(s),3.7m,222.1m
110,Asano Ninja Sisters,VTuber,Independent,[],Female,['Japanese'],['3D'],2018/05,+ Add,Every 2.49 Day(s),179.4k,25.8m
111,Himekuma Ribon,VTuber,Re:AcT,[],Female,['Japanese'],['L2D'],2019/09/17,+ Add,Every 0.64 Day(s),90.7k,12.7m
112,Deep Blizzard Miyuki,VTuber,Independent,[],Female,['Japanese'],['L2D'],2018/03/20,+ Add,Every 2.31 Day(s),252k,22m
113,Tamachi Kanna,VTuber,Independent,[],Female,"['English', 'Indonesian']",['L2D'],2020/10/10,Active,Every 4.2 Day(s),140k,2.4m
114,Moona Hoshinova,VTuber,Hololive,"['Chatting', 'Gaming', 'Music']",Female,"['English', 'Indonesian']","['Model', 'L2D']",2020/04/11,Active,Every 1.63 Day(s),961k,48.6m
115,Akai Haato,VTuber,Hololive,"['Chatting', 'Gaming', 'Horror', 'Music']",Female,['Japanese'],"['3D', 'L2D']",2018/06/02,Active,Every 1.33 Day(s),1.5m,160.1m
116,Sifir Esirer,VTuber,Independent,[],Female,['Japanese'],['L2D'],2019/03/09,+ Add,Every 14.32 Day(s),245k,65.3m
117,AlyMew ,VTuber,Independent,"['Chatting', 'Gaming', 'Manga', 'Voice Acting']",Female,['English'],['3D'],01/17/2021,Active,Every 0.79 Day(s),81.4k,6.7m
118,Zen Gunawan,VTuber,MAHAPANCA,"['Gaming', 'Music']",Male,"['English', 'Indonesian']",['L2D'],08/02/2020,Active,Every 2.17 Day(s),107k,4m
119,BatataComPepino,VTuber,Independent,[],Female,['Portuguese'],['L2D'],2020/08/04,+ Add,Every 1.41 Day(s),544.6k,11.7m
120,Yorumi Rena,VTuber,Nijisanji,[],Female,['Japanese'],"['3D', 'L2D']",2019/07/06,+ Add,Every 0.93 Day(s),382k,70.7m
121,VALIS,VTuber,Independent,[],Female,['Japanese'],[],+ Add,+ Add,Every 4.65 Day(s),96.2k,17.8m
122,Kageyama Shien,VTuber,Hololive,[],Male,['Japanese'],['L2D'],2020/04/30,+ Add,Every 1.92 Day(s),178k,6.9m
123,Kanda Shoichi,VTuber,Nijisanji,[],Male,['Japanese'],['L2D'],2018/08/09,+ Add,Every 1.15 Day(s),211k,26.5m
124,Ash,VStreamer,Independent,['Gaming'],Female,['English'],['L2D'],+ Add,Active,Every 0.94 Day(s),1m,35.8m
125,Ponpoko,VTuber,Independent,[],Female,['Japanese'],['L2D'],2018/02/01,+ Add,Every 1.27 Day(s),251k,107.2m
126,Kitakoji Hisui,VTuber,Nijisanji,"['Chatting', 'Gaming']",Female,['Japanese'],['L2D'],2020/08/09,Active,Every 1.64 Day(s),187k,14.9m
127,Levi Elipha,VTuber,Nijisanji,[],Female,['Japanese'],['L2D'],2019/05/21,+ Add,Every 1.38 Day(s),253k,40.3m
128,KamiyaJuu,VTuber,Independent,"['Anime', 'Art', 'Chatting', 'Gaming', 'Manga', 'Music', 'Voice Acting']",Male,"['English', 'Filipino', 'Japanese']","['3D', 'L2D']",08/24/2020,Active,Every 2.35 Day(s),198k,9.7m
129,Hayase Sou,VTuber,Nijisanji,[],Female,['Japanese'],['L2D'],2019/09/21,+ Add,Every 2.81 Day(s),193k,19m
130,Miyazaki Yuzuya ,VTuber,Independent,[],Male,['English'],"['3D', 'L2D']",2018-07-28,+ Add,Every 4.73 Day(s),163.8k,16.6m
131,一ノ瀬うるは,VTuber,Independent,[],Male,['Japanese'],[],+ Add,+ Add,Every 1.07 Day(s),319k,43.8m
132,Hoshino Mea,VTuber,Independent,[],Female,['Japanese'],[],2018/7/26,+ Add,Every 3.67 Day(s),139k,23.3m
133,Usada Pekora,VTuber,Hololive,"['Chatting', 'Gaming', 'Music']",Female,['Japanese'],"['3D', 'L2D']",2019/07/17,Active,Every 0.89 Day(s),1.8m,325.8m
134,祭 雛子/まつり ひなこ,VTuber,Independent,[],Female,['Japanese'],[],+ Add,+ Add,Every 40.25 Day(s),73k,8.1m
135,Gilzaren III,VTuber,Nijisanji,['Chatting'],Male,['Japanese'],['L2D'],2018/03/19,Active,Every 50.12 Day(s),110k,2.4m
136,Minato Aqua,VTuber,Hololive,"['Chatting', 'Gaming', 'Music']",Female,['Japanese'],"['3D', 'L2D']",2018/08/08,Active,Every 2.01 Day(s),1.5m,173.4m
137,Roboco,VTuber,Hololive,[],Female,['Japanese'],['3D'],2018/03/04,Active,Every 0.97 Day(s),792k,59.3m
138,Maimoto Keisuke,VTuber,Nijisanji,"['Chatting', 'Gaming']",Male,['Japanese'],"['3D', 'L2D']",2018/08/11,Active,Every 2.95 Day(s),354k,68.9m
139,Hacka Doll,VTuber,Independent,[],Male,['Japanese'],[],2018/03/31,+ Add,Every 14.2 Day(s),72k,3.1m
140,Silvervale,VTuber,VShojo,[],Female,['English'],['3D'],2019-02-01,+ Add,Every 1.57 Day(s),477.9k,15.2m
141,Yamato Iori,VTuber,.LIVE,[],Female,['Japanese'],['L2D'],20/5/2018,+ Add,Every 3.14 Day(s),95.4k,10.9m
142,Momosuzu Nene,VTuber,Hololive,"['Chatting', 'Gaming', 'Music']",Female,['Japanese'],['L2D'],2020/08/13,Active,Every 1.37 Day(s),860k,61.4m
143,Yuki Chihiro,VTuber,Nijisanji,[],Female,['Japanese'],"['3D', 'L2D']",2018/02/08,+ Add,Every 0.99 Day(s),578k,142.2m
144,Yaguruma Rine,VTuber,Nijisanji,[],Female,['Japanese'],['L2D'],2018/00/00,+ Add,Every 25.35 Day(s),73.1k,2m
145,Zona,VTuber,Polygon Project,[],Female,['Thai'],[],+ Add,+ Add,Every 1.22 Day(s),81.6k,8.1m
146,Ookami Mio,VTuber,Hololive,"['Chatting', 'Gaming', 'Music']",Female,['Japanese'],"['3D', 'L2D']",2018/12/07,Active,Every 1.49 Day(s),918k,77.5m
147,Kimino Miya,VTuber,Upd8,[],Female,"['English', 'Japanese']",['3D'],2018-07-01,+ Add,Every 5.7 Day(s),237k,3.3m
148,NIJISANJI English Official,VTuber,Independent,[],Female,['Japanese'],[],+ Add,+ Add,Every 1.73 Day(s),208k,27.4m
149,Namirin,VTuber,Independent,"['Gaming', 'Music']",Female,"['English', 'Japanese']",['L2D'],02/22/2021,Active,Every 2.13 Day(s),358k,159.6m
150,Amatsuka Uto,VTuber,Independent,"['Chatting', 'Education', 'Gaming', 'Music']",Female,['Japanese'],['L2D'],12/14/2020,Active,Every 2.88 Day(s),603k,25.9m
151,すももチャンネル,VTuber,Independent,[],Female,['Japanese'],[],+ Add,+ Add,Every 0.94 Day(s),226k,86.1m
152,Inuyama Tamaki,VTuber,NoriPro,[],Male,['Japanese'],"['3D', 'L2D']",2017/07/26,+ Add,Every 0.94 Day(s),784k,201m
153,Hiyatoi Reiko,VTuber,Independent,[],Female,['Japanese'],['L2D'],2018/03/22,+ Add,Every 14.44 Day(s),71.9k,9.2m
154,Ibrahim,VTuber,Nijisanji,[],Male,['Japanese'],['L2D'],2020/02/01,+ Add,Every 1.14 Day(s),419k,89.8m
155,みあたみちゃんねるmiatamiChannel,VTuber,Independent,[],Male,['Japanese'],[],+ Add,+ Add,Every 1.12 Day(s),119k,9.5m
156,Todoroki Kyoko,VTuber,Nijisanji,[],Female,['Japanese'],['L2D'],2018/06/07,+ Add,Every 3.33 Day(s),114k,7.2m
157,Mayuzumi Kai,VTuber,Nijisanji,[],Male,['Japanese'],"['3D', 'L2D']",2019/07/28,+ Add,Every 2.45 Day(s),481k,77.7m
158,Hime Hajime,VStreamer,VShojo,['Gaming'],Female,['English'],['L2D'],+ Add,Active,Every 6.33 Day(s),194.8k,1.1m
159,Kamiko Kana,VTuber,Independent,"['Art', 'Chatting', 'Gaming']",Female,['English'],['L2D'],2020/04/04,Active,Every 1.72 Day(s),161.3k,1.5m
160,Suou Patra,VTuber,HoneyStrap,[],Female,['Japanese'],"['3D', 'L2D']",2018/07/14,+ Add,Every 0.86 Day(s),536k,147.4m
161,Amamiya Kokoro,VTuber,Independent,"['Chatting', 'Gaming']",Female,['Japanese'],[],2019/08/13,Active,Every 1.28 Day(s),375k,46m
162,Kudo Chitose,VTuber,Nijisanji,[],Female,['Japanese'],[],2019/01/10,+ Add,Every 30.29 Day(s),176k,11.8m
163,白雪レイドーReid Channelー,VTuber,Independent,[],Female,['Japanese'],[],+ Add,+ Add,Every 0.76 Day(s),188k,46m
164,Tomari Mari,VTuber,Upd8,[],Female,['Japanese'],"['3D', 'L2D']",2018/07/01,+ Add,Every 1.16 Day(s),239k,22.3m
165,Aruka,VTuber,Independent,"['ASMR', 'Chatting']",Female,['Japanese'],['L2D'],11/28/2020,Active,Every 1.93 Day(s),149k,8.9m
166,ルキロキチャンネル – Ruki Roki Channel –,VTuber,Independent,[],Female,['Japanese'],[],+ Add,+ Add,Every 5.8 Day(s),110k,15.5m
167,Omaru Polka,VTuber,Hololive,"['ASMR', 'Chatting', 'Gaming', 'Music']",Female,['Japanese'],"['3D', 'L2D']",2020/08/16,Active,Every 1.02 Day(s),902k,104.9m
168,Suzuka Utako,VTuber,Nijisanji,"['Chatting', 'Gaming', 'Mature', 'Music']",Female,['Japanese'],"['3D', 'L2D']",2018/03/28,+ Add,Every 2.37 Day(s),498k,98.6m
169,凪原涼菜 / SUZUNA NAGIHARA,VTuber,Independent,[],Female,['Japanese'],[],+ Add,+ Add,Every 6.45 Day(s),128k,26.5m
170,Fumi,VTuber,Nijisanji,[],Female,['Japanese'],['L2D'],2019/10/19,+ Add,Every 1.21 Day(s),194k,25.5m
171,犬塚いちご,VTuber,Independent,[],Female,['Japanese'],[],+ Add,+ Add,Every 1.73 Day(s),132k,35.2m
172,アメノセイ-AMENOSEI,VTuber,Independent,[],Female,['Japanese'],[],+ Add,+ Add,Every 1.94 Day(s),72.3k,6.9m
173,ホロスターズ公式,VTuber,Independent,[],Female,['Japanese'],[],+ Add,+ Add,Every 9.21 Day(s),117k,4.9m
174,Hayama Marin,VTuber,Nijisanji,[],Female,['Japanese'],['L2D'],2019/06/25,+ Add,Every 1.37 Day(s),210k,17.5m
175,YuChan Channel,VTuber,Independent,[],Female,['Thai'],[],+ Add,+ Add,Every 1.77 Day(s),115k,4m
176,Hoshikawa Sara,VTuber,Nijisanji,"['Chatting', 'Gaming', 'Music']",Female,['Japanese'],['L2D'],2019/10/19,Active,Every 1.44 Day(s),664k,91.4m
177,Shishiro Botan,VTuber,Hololive,"['Chatting', 'Gaming']",Female,['Japanese'],"['3D', 'L2D']",2020/08/14,Active,Every 1.08 Day(s),1.1m,103.3m
178,Senpai Artz,VTuber,Independent,"['Art', 'Gaming']",Female,['English'],['3D'],04/13/2021,Active,Every 5.87 Day(s),341.1k,12.8m
179,Moeka Hoshizora ,VStreamer,Independent,"['Anime', 'Art', 'Chatting', 'Cooking', 'Gaming', 'Manga', 'Voice Acting']",Female,"['English', 'Spanish']",['L2D'],07/22/2020,Active,Every 1.96 Day(s),287.8k,3.4m
180,Fuji Aoi,VTuber,Smarprise,['Music'],Female,['Japanese'],['3D'],2017/12/08,Active,Every 1.54 Day(s),332k,91.1m
181,倉持京子CH kuramochikyoko,VTuber,Independent,[],Female,['Japanese'],[],+ Add,+ Add,Every 1.34 Day(s),107k,9.8m
182,Kaida Haru,VTuber,Nijisanji,[],Male,['Japanese'],['L2D'],2020/04/04,+ Add,Every 0.88 Day(s),350k,56m
183,Amakawa Hano,VTuber,Re:AcT,[],Female,['Japanese'],['L2D'],2019/09/17,+ Add,Every 0.65 Day(s),86.3k,6.3m
184,canan,VTuber,Independent,"['ASMR', 'Chatting', 'Cooking', 'Gaming']",Female,['Japanese'],"['JPEG', 'L2D', 'PNG']",06/27/2018,Active,Every 14.05 Day(s),743k,49.9m
185,クリムゾンチャンネル Official,VTuber,Independent,[],Female,['Japanese'],[],+ Add,+ Add,Every 2.58 Day(s),171k,21.1m
186,Uzuki Kou,VTuber,Nijisanji,[],Male,['Japanese'],['L2D'],2018/06/14,+ Add,Every 2.78 Day(s),190k,29.7m
187,Asuka Hina,VTuber,Nijisanji,[],Female,['Japanese'],['L2D'],2018/08/12,+ Add,Every 8.58 Day(s),102k,5.5m
188,Melissa Kinrenka,VTuber,Nijisanji,[],Female,['Japanese'],['L2D'],2020/02/01,+ Add,Every 2.72 Day(s),335k,81.8m
189,VShojo,VTuber,VShojo,['Gaming'],Female,['English'],[],+ Add,Active,Every 3.81 Day(s),207.5k,13.4m
190,市松人形Vtuber市松寿ゞ謡,VTuber,Independent,[],Female,['Japanese'],[],+ Add,+ Add,Every 11.33 Day(s),81.5k,19m
191,Momo,VTuber,Independent,[],Female,['English'],['3D'],+ Add,+ Add,Every 3.34 Day(s),313.6k,5.4m
192,Fairys Chan,VTuber,BANs,[],Female,['Japanese'],['3D'],2018/03/06,+ Add,Every 1.85 Day(s),129k,21.4m
193,Futakuchi Mana,VStreamer,Independent,"['Chatting', 'Music']",Female,['English'],['L2D'],+ Add,Active,Every 3.76 Day(s),78.3k,4.4m
194,Aragami Oga,VTuber,Hololive,[],Male,['Japanese'],['L2D'],2020/05/01,+ Add,Every 1.53 Day(s),150k,3.9m
195,YadiDoll zaotome,VTuber,Independent,[],Male,['Japanese'],[],+ Add,+ Add,Every 3.4 Day(s),102k,3.4m
196,Lucahjin,VStreamer,Independent,"['Chatting', 'Gaming', 'Mature', 'Voice Acting']",Female,['English'],['L2D'],+ Add,Active,Every 1.08 Day(s),293.1k,103.6m
197,Furen E Lustario,VTuber,Nijisanji,[],Female,['Japanese'],['L2D'],2020/02/01,+ Add,Every 1.38 Day(s),407k,60.2m
198,Ushimi Ichigo,VTuber,Nijisanji,[],Female,['Japanese'],"['3D', 'L2D']",April 2018,+ Add,Every 4.72 Day(s),156k,10.6m
199,田中のおっさん,VTuber,Independent,[],Female,['Japanese'],[],+ Add,+ Add,Every 12.8 Day(s),126k,5.2m
200,Hourei Tenten,VTuber,Independent,[],Female,"['Chinese', 'Japanese']",['L2D'],2019/11/10,+ Add,Every 1.28 Day(s),96.9k,4.2m
201,Towa Kiseki,VTuber,Independent,[],Female,['Japanese'],['3D'],2019/03/01,+ Add,Every 10.47 Day(s),82.3k,3.2m
202,Pavolia Reine,VTuber,Hololive,"['Chatting', 'Gaming', 'Music']",Female,"['English', 'Indonesian']",['L2D'],12/06/2020,Active,Every 1 Day(s),536k,26.7m
203,Game Club Project,VTuber,Independent,[],Female,['Japanese'],['3D'],2018/03/06,Retired,Every 30.62 Day(s),356.6k,176.6m
204,Anya Melfissa,VTuber,Hololive,"['Chatting', 'Gaming']",Female,"['English', 'Indonesian', 'Japanese']",['L2D'],12/05/2020,Active,Every 1.49 Day(s),423k,9.5m
205,Shirayuki Mishiro,VTuber,NoriPro,[],Female,['Japanese'],['L2D'],2019/12/05,+ Add,Every 1.17 Day(s),198k,16.4m
206,ArtsyVRC,VStreamer,Independent,"['Anime', 'ASMR', 'Chatting', 'Gaming', 'LGBTQ+']",Male,['English'],['3D'],12/29/2017,Active,Every 1.78 Day(s),207.9k,18.1m
207,Andi Adinata,VTuber,MAHAPANCA,[],Male,['Indonesian'],['3D'],2019/10/22,+ Add,Every 2.03 Day(s),571k,50.6m
208,Kuroki Natsume,VTuber,Independent,[],Female,['Japanese'],"['3D', 'L2D']",2019/04/04,+ Add,Every 3.84 Day(s),333k,25.3m
209,Mokota Mememe,VTuber,.LIVE,[],Female,['Japanese'],"['3D', 'L2D']",2018/05/04,+ Add,Every 2.74 Day(s),156k,17.7m
210,OtachanShow,VTuber,Independent,[],Female,['English'],[],+ Add,+ Add,Every 55.75 Day(s),598k,36.3m
211,焼まゆるのお絵かきちゃんねる,VTuber,Independent,[],Female,['Japanese'],[],+ Add,+ Add,Every 4.27 Day(s),212k,17m
212,YUIKA’S ROOM,VTuber,Independent,[],Female,['Japanese'],[],+ Add,+ Add,Every 2.67 Day(s),118k,7.9m
213,不破 湊 / Fuwa Minato【にじさんじ】,VTuber,Independent,[],Female,['Japanese'],[],+ Add,+ Add,Every 1.1 Day(s),476k,132.6m
214,Monkeyism,VStreamer,Independent,"['Anime', 'Chatting', 'Gaming', 'Mature']",Female,['English'],['L2D'],12/03/2020,Active,Every 1.25 Day(s),80.9k,2.8m
215,Ilu Fluor,VTuber,Independent,"['ASMR', 'Gaming']",Female,['Japanese'],['L2D'],2019/11/15,Active,Every 3.26 Day(s),78.7k,12.5m
216,Yukihana Lamy,VTuber,Hololive,"['Chatting', 'Gaming']",Female,['Japanese'],['L2D'],2020/08/12,Active,Every 0.96 Day(s),909k,89.1m
217,Siska Leontyne,VTuber,Nijisanji,[],Female,['Indonesian'],['L2D'],2020/08/08,+ Add,Every 1.76 Day(s),94k,3.3m
218,Otogibara Era,VTuber,Nijisanji,[],Female,['Japanese'],"['3D', 'L2D']",2019/03/10,+ Add,Every 4.23 Day(s),525k,67.6m
219,Harusaki Air,VTuber,VOIZ,[],Male,['Japanese'],['L2D'],2018/06/08,+ Add,Every 5.89 Day(s),94.5k,3.7m
220,AdmiralBahroo,VStreamer,Independent,['Gaming'],Male,['English'],['L2D'],+ Add,Active,Every 1.96 Day(s),1.2m,209.4m
221,Meiro ch.朝日奈めいろ,VTuber,Independent,[],Male,['Japanese'],[],+ Add,+ Add,Every 1.7 Day(s),96.2k,3.3m
222,Gokigen Naname,VTuber,Independent,"['Chatting', 'Gaming']",Female,['Japanese'],['L2D'],04/10/2021,Active,Every 6.97 Day(s),79.1k,534.5k
223,Baacharu,VTuber,.LIVE,[],Male,['Japanese'],['3D'],2017/07/20,+ Add,Every 41.33 Day(s),101k,7.4m
224,Watson Amelia ,VTuber,Hololive,"['Chatting', 'Gaming']",Female,['English'],['L2D'],2020/09/13,Active,Every 1.09 Day(s),1.6m,109m
225,YooWoo,VStreamer,Independent,"['Chatting', 'Gaming']",Female,['Korean'],['L2D'],12/??/2018,Active,Every 0.87 Day(s),90.8k,13.3m
226,Hoshimachi Suisei,VTuber,Hololive,[],Female,['Japanese'],"['3D', 'L2D']",2018/03/22,Active,Every 1.45 Day(s),1.3m,199.8m
227,Kiryu Coco,VTuber,Hololive,"['Chatting', 'Gaming', 'Music']",Female,['Japanese'],"['3D', 'L2D']",2019/12/28,Active,Every 0.79 Day(s),1.4m,177.6m
228,Nagao Kei,VTuber,Nijisanji,[],Male,['Japanese'],['L2D'],2020/04/04,+ Add,Every 1.03 Day(s),235k,31.4m
229,Akabane Youko,VTuber,Nijisanji,[],Female,['Japanese'],['L2D'],2018/05/19,+ Add,Every 3.99 Day(s),166k,9.9m
230,Snuffy,VTuber,Independent,[],Female,['English'],['3D'],2020/04/??,Active,Every 2.94 Day(s),305.2k,2.6m
231,Hanabatake Chaika,VTuber,Nijisanji,[],Male,['Japanese'],"['3D', 'L2D']",2018/06/06,+ Add,Every 2.76 Day(s),337k,54.2m
232,Planya,VTuber,Independent,[],Female,['Russian'],['3D'],2018/11/18,+ Add,Every 2.9 Day(s),95.5k,3.6m
233,Nimu Spacecat,VTuber,Independent,[],Female,['Spanish'],['L2D'],2020/02,+ Add,Every 1.01 Day(s),2.1m,86.6m
234,AI Candii ,VTuber,Independent,"['Art', 'Chatting', 'Gaming', 'Horror']",Non-binary,['English'],['3D'],2020-04-04,Active,Every 1.55 Day(s),71.4k,1.1m
235,Ienaga Mugi,VTuber,Nijisanji,[],Female,['Japanese'],"['3D', 'L2D']",2018/03/12,+ Add,Every 4.21 Day(s),166k,5.4m
236,花香琴音レーサーVtuber,VTuber,Independent,[],Female,['Japanese'],[],+ Add,+ Add,Every 3.58 Day(s),114k,21.2m
237,Zentreya,VTuber,VShojo,[],Female,['English'],"['3D', 'L2D']",2019-07-01,Active,Every 1.42 Day(s),476.3k,15.1m
238,Saionji Mary,VTuber,HoneyStrap,[],Female,['Japanese'],"['3D', 'L2D']",2018/07/11,+ Add,Every 1 Day(s),178k,27.6m
239,Elu,VTuber,Nijisanji,[],Female,['Japanese'],"['3D', 'L2D']",2018/02/16,+ Add,Every 0.76 Day(s),240k,40.1m
240,Pinky Pop Hepburn,VTuber,Independent,[],Female,['Japanese'],[],+ Add,+ Add,Every 5.65 Day(s),200.1k,11.6m
241,Kanade Izuru,VTuber,Hololive,[],Male,['Japanese'],['L2D'],2019/06/22,+ Add,Every 2.59 Day(s),165k,8.1m
242,Akatsuki UNI,VTuber,Independent,[],Female,['Japanese'],['3D'],2018/04/29,+ Add,Every 3.04 Day(s),134k,12.8m
243,PHIA_bunny,VTuber,Independent,[],Female,['English'],[],2020-02-18,+ Add,Every 2.13 Day(s),161.2k,7.2m
244,なななCH,VTuber,Independent,[],Female,['Japanese'],[],+ Add,+ Add,Every 1.87 Day(s),126k,6.9m
245,バーバパパ,VTuber,Independent,[],Female,['Japanese'],[],+ Add,+ Add,Every 23.23 Day(s),456k,113.3m
246,Suo Sango,VTuber,Nijisanji,[],Female,['Japanese'],['L2D'],2020/08/09,+ Add,Every 1.73 Day(s),260k,12.9m
247,Merry Milk,VTuber,.LIVE,[],Female,['Japanese'],"['3D', 'L2D']",2018/03/23,+ Add,Every 23.55 Day(s),72.7k,3.8m
248,Maya Putri,VTuber,Independent,[],Female,['Indonesian'],['3D'],2018/08/19,Retired,Every 17.33 Day(s),278k,14.9m
249,スマサポチャンネル,VTuber,Independent,[],Female,['Japanese'],[],+ Add,+ Add,Every 1.8 Day(s),332k,53.5m
250,Hikasa Tomoshika,VTuber,Vox Monsters Project,[],Female,['Japanese'],['L2D'],2020/03/19,+ Add,Every 2.13 Day(s),168k,9m
251,胡桃のあ,VTuber,Independent,[],Female,['Japanese'],[],+ Add,+ Add,Every 0.95 Day(s),300k,40.5m
252,Artemis of the Blue,VTuber,Independent,[],Female,['English'],['L2D'],2020/10/24,Active,Every 1.7 Day(s),304.4k,5.8m
253,ひいなちゃんねる【PinkPunkPro所属】,VTuber,Independent,[],Female,['Japanese'],[],+ Add,+ Add,Every 2.43 Day(s),96.7k,4m
254,Pochi-goya,VTuber,Independent,[],Female,['Japanese'],[],+ Add,+ Add,Every 2.23 Day(s),201k,7.7m
255,Mitsurugi Lia,VTuber,VRIDOL,[],Female,['Japanese'],[],2019/12/15,+ Add,Every 3.22 Day(s),121k,3.2m
256,Harusaruhi,VTuber,KAMITSUBAKI STUDIO,[],Female,['Japanese'],['L2D'],2019/11/15,+ Add,Every 12.18 Day(s),141k,21.4m
257,Camomi Camomi,VTuber,Independent,[],Female,['Japanese'],['3D'],2018/07/19,+ Add,Every 4.13 Day(s),73.7k,5.4m
258,Kromia ,VStreamer,Independent,"['Anime', 'Chatting', 'Gaming', 'Manga']",Female,['English'],"['3D', 'L2D']",01/20/2018,Active,Every 1.68 Day(s),208.9k,10.4m
259,クレア英会話,VTuber,Independent,[],Female,['Japanese'],[],+ Add,+ Add,Every 1.78 Day(s),194k,16.9m
260,Shibuya Hajime,VTuber,Nijisanji,[],Male,['Japanese'],['L2D'],2018/02/08,+ Add,Every 0.89 Day(s),142k,24.2m
261,Amano Pikamee,VTuber,Vox Monsters Project,[],Female,"['English', 'Japanese']",['L2D'],2020/03/19,Active,Every 1.18 Day(s),619.2k,28.4m
262,Ami Yamato,VTuber,Independent,[],Female,"['English', 'Japanese']",['3D'],2011/05/18,+ Add,Every 62.53 Day(s),152k,8.8m
263,Yaezawa Natori,VTuber,.LIVE,[],Female,['Japanese'],"['3D', 'L2D']",2018/05/05,+ Add,Every 1.24 Day(s),101k,17.4m
264,Shirogane Noel,VTuber,Hololive,"['ASMR', 'Chatting', 'Gaming', 'Music']",Female,['Japanese'],"['3D', 'L2D']",2019/08/08,Active,Every 1.35 Day(s),1.4m,116.4m
265,パカエル / Pakael,VTuber,Independent,[],Female,['Japanese'],[],+ Add,+ Add,Every 0.78 Day(s),114k,24.6m
266,Machita Chima,VTuber,Nijisanji,[],Female,['Japanese'],['L2D'],2018/09/03,+ Add,Every 2.83 Day(s),439k,60.1m
267,Hololive Official,VTuber,Hololive,['Anime'],Female,['Japanese'],"['3D', 'L2D']",+ Add,Active,Every 1.98 Day(s),1.6m,463.3m
268,Kagura Nana,VTuber,Independent,[],Female,['Japanese'],"['3D', 'L2D']",2019/02/06,+ Add,Every 5.63 Day(s),295k,19.6m
269,Merryweather,VStreamer,Independent,"['Art', 'Chatting', 'Gaming']",Male,['English'],['L2D'],10/??/2020,Active,Every 0.88 Day(s),269.4k,14.3m
270,懲役太郎チャンネル,VTuber,Independent,[],Male,['Japanese'],[],+ Add,+ Add,Every 1.04 Day(s),399k,144.5m
271,Ironmouse,VStreamer,VShojo,"['Anime', 'ASMR', 'Chatting', 'Education', 'Gaming', 'Horror', 'Mature', 'Voice Acting']",Female,"['English', 'Spanish']","['3D', 'L2D']",2019-12-13,Active,Every 1.27 Day(s),1.5m,30.3m
272,Hinokuma Ran,VTuber,AniMare,[],Female,['Japanese'],['L2D'],2018/06/12,+ Add,Every 1.07 Day(s),126k,11.2m
273,Bao,VTuber,Independent,['Gaming'],Female,['English'],['L2D'],2020/10/30,Active,Every 2.2 Day(s),383.6k,35.3m
274,如月れん -Ren kisaragi-,VTuber,Independent,[],Female,['Japanese'],[],+ Add,+ Add,Every 1.6 Day(s),75.9k,4m
275,FeFe,VTuber,Independent,[],Female,['English'],['L2D'],2020/11/01,+ Add,Every 4.74 Day(s),93.7k,1.2m
276,SALLA.R,VTuber,Independent,[],Female,['Japanese'],[],+ Add,+ Add,Every 22.3 Day(s),116k,15.6m
277,Kazami Kuku,VTuber,AniMare,[],Female,['Japanese'],['L2D'],2020/02/22,+ Add,Every 1.24 Day(s),103k,6.4m
278,Miyune,VStreamer,Independent,['Gaming'],Female,['English'],['3D'],10/10/2020,Active,Every 1.06 Day(s),75.7k,846.8k
279,Mochatan ch. / 萌々嫁もか,VTuber,Independent,[],Female,['Japanese'],[],+ Add,+ Add,Every 1.78 Day(s),137k,11.5m
280,Tsuki Kimura ,VStreamer,Independent,"['Anime', 'Chatting', 'Gaming', 'Manga', 'Mature']",Female,"['English', 'Swedish']",['3D'],2019,Active,Every 1.56 Day(s),122.8k,8.4m
281,クマーバチャンネル,VTuber,Independent,[],Female,['Japanese'],[],+ Add,+ Add,Every 1.67 Day(s),356k,425.1m
282,Ork Podcaster,VTuber,Independent,[],Male,['Russian'],['3D'],+ Add,+ Add,Every 1.56 Day(s),850.9k,130.9m
283,ざき《役満Vtuber》,VTuber,Independent,[],Male,['Japanese'],[],+ Add,+ Add,Every 0.61 Day(s),121k,44.6m
284,Artemisblue,VStreamer,Independent,"['Gaming', 'Music']",Female,"['English', 'Japanese', 'Korean', 'Spanish']",['3D'],12/09/2018,Active,Every 4.15 Day(s),238.4k,34.9m
285,HACHI,VTuber,Independent,[],Female,['Japanese'],['3D'],2020/03/13,+ Add,Every 3.15 Day(s),108k,6.3m
286,Sekishiro Mico,VTuber,HoneyStrap,[],Female,['Japanese'],"['3D', 'L2D']",2018/07/20,+ Add,Every 1.78 Day(s),81.9k,7.2m
287,thamriyell,VStreamer,Independent,[],Female,['English'],[],+ Add,+ Add,Every 1.39 Day(s),97.6k,15.8m
288,Gold Ship,VTuber,Cyber V,[],Female,['Japanese'],['3D'],2018/03/25,+ Add,Every 2.34 Day(s),827k,122.8m
289,Houshou Marine,VTuber,Hololive,"['Art', 'Chatting', 'Gaming', 'Mature', 'Music']",Female,['Japanese'],"['3D', 'L2D']",2019/08/11,Active,Every 1.25 Day(s),1.8m,292.2m
290,カナメとハルキー,VTuber,Independent,[],Female,['Japanese'],[],+ Add,+ Add,Every 5.55 Day(s),113k,16.4m
291,伊東ライフ,VTuber,Independent,[],Female,['Japanese'],[],+ Add,+ Add,Every 1.61 Day(s),190k,23.1m
292,Kitakami Futaba,VTuber,.LIVE,[],Female,['Japanese'],['L2D'],4/5/2018,+ Add,Every 5.23 Day(s),104k,10.7m
293,Belmond Banderas,VTuber,Nijisanji,[],Male,['Japanese'],"['3D', 'L2D']",2018/09/19,+ Add,Every 1.6 Day(s),395k,55.5m
294,Morinaka Kazaki,VTuber,Nijisanji,[],Female,['Japanese'],"['3D', 'L2D']",2018/03/17,+ Add,Every 1.81 Day(s),261k,48.4m
295,Tsuji Motoko,VTuber,Independent,[],Female,['Japanese'],['3D'],2018/01/02,+ Add,Every 7.33 Day(s),93.2k,21.3m
296,Mori Calliope ,VTuber,Hololive,[],Female,['English'],['L2D'],2020/09/12,Active,Every 1.21 Day(s),1.9m,231.3m
297,Kongo Iroha,VTuber,Independent,"['Chatting', 'Gaming']",Female,['Japanese'],"['3D', 'L2D']",2018/05/20,Active,Every 18.22 Day(s),98.3k,9.1m
298,Carro Pino,VTuber,.LIVE,[],Female,['Japanese'],"['3D', 'L2D']",2018/05/04,+ Add,Every 2.5 Day(s),84.3k,12.7m
299,Kizuna Ai,VTuber,Kizuna AI Inc.,"['Gaming', 'Music', 'Voice Acting']",Female,"['Chinese', 'Japanese']",['3D'],2019/06/14,Active,Every 1.35 Day(s),4.6m,594.9m
300,千羽黒乃,VTuber,Independent,[],Female,['Japanese'],[],+ Add,+ Add,Every 2.23 Day(s),84.2k,6.7m
301,Popo Kids「ポポキッズ」,VTuber,Independent,[],Female,['Japanese'],[],+ Add,+ Add,Every 24.26 Day(s),81k,58.7m
302,DUSTCELL,VTuber,KAMITSUBAKI STUDIO,[],Female,['Japanese'],[],2019/10/11,+ Add,Every 33.09 Day(s),359k,59.3m
303,たまこ。Ch./あおぎり高校,VTuber,Independent,[],Female,['Japanese'],['3D'],2018/10/27,+ Add,Every 2.8 Day(s),188k,13.1m
304,陽向葵ゅか,VTuber,Independent,[],Female,['Japanese'],[],+ Add,+ Add,Every 4.23 Day(s),104k,9.3m
305,Poteti,VTuber,S:gnal,[],Female,['Japanese'],['L2D'],2018/04/18,Active,Every 5.41 Day(s),84.1k,3.9m
306,Rosedoodle ,VTuber,Independent,[],Female,['English'],['3D'],2017/2018,+ Add,Every 2.12 Day(s),377.4k,16.2m
307,れいきら!,VTuber,Independent,[],Female,['Japanese'],[],+ Add,+ Add,Every 3.97 Day(s),146k,7.6m
308,Haruka Karibu,VTuber,Independent,[],Female,['English'],['3D'],2019/10/08,Active,Every 2.26 Day(s),195k,2.9m
309,Mochi Hiyoko,VTuber,MochiPro,[],Female,['Japanese'],['3D'],2018/01/05,+ Add,Every 4.87 Day(s),76.8k,7.1m
310,VRFunny,VStreamer,Independent,"['Anime', 'Chatting', 'Gaming', 'Mature']",Female,['English'],['3D'],+ Add,Active,Every 1.73 Day(s),134.4k,38.2m
311,浅井ラム映画レビュー【知的風ハット】,VTuber,Independent,[],Female,['Japanese'],[],+ Add,+ Add,Every 14.61 Day(s),119k,1.8m
312,Seto Miyako,VTuber,Nijisanji,[],Female,['Japanese'],['L2D'],2019/01/30,+ Add,Every 1.37 Day(s),146k,11.1m
313,zone_tan,VTuber,Independent,[],Female,['English'],[],+ Add,+ Add,Every 15.83 Day(s),779.4k,95m
314,Alia Adelia,VTuber,MAHAPANCA,[],Female,['Indonesian'],['3D'],2020-02-21,+ Add,Every 1.77 Day(s),365k,24.5m
315,Alice Mana,VTuber,Independent,[],Female,"['Japanese', 'Korean']",['L2D'],2018/09/05,Retired,Every 1.58 Day(s),92.8k,1.7m
316,Kosaka Nina,VTuber,Nijisanji,"['Anime', 'Chatting', 'Gaming']",Female,"['English', 'French', 'Russian']",['L2D'],09/10/2021,Active,Every 0.71 Day(s),149k,3.9m
317,Kishido Temma,VTuber,Hololive,['Gaming'],Male,['Japanese'],['L2D'],2019/12/14,Active,Every 1.07 Day(s),111k,4.7m
318,Honma Himawari,VTuber,Nijisanji,[],Female,['Japanese'],"['3D', 'L2D']",2018/07/11,+ Add,Every 1.46 Day(s),682k,184.2m
319,夜の雑学 金美館通りの藤村さん,VTuber,Independent,[],Female,['Japanese'],[],+ Add,+ Add,Every 2.04 Day(s),96.2k,36.7m
320,Fae Leon ,VStreamer,Independent,"['Anime', 'Art', 'Gaming']",Female,"['English', 'German']",['L2D'],4/17/2021,Active,Every 12.28 Day(s),130.7k,16.5m
321,YuNi,VTuber,Upd8,[],Female,['Japanese'],['L2D'],2018/6/14,+ Add,Every 6.05 Day(s),369k,100.2m
322,keiichi arawi,VTuber,Independent,[],Female,['Japanese'],[],+ Add,+ Add,Every 147.86 Day(s),189k,7.3m
323,LemonLeafASMR,VTuber,Independent,[],Female,['English'],['L2D'],+ Add,Active,Every 7.01 Day(s),120.8k,15.1m
324,LIZ,VTuber,Wright Flyer Live Entertainment,[],Female,['Japanese'],['3D'],2018/06/15,+ Add,Every 10.86 Day(s),120k,18.8m
325,Liliana Vampaia,VTuber,Independent,[],Female,"['English', 'Malay']",['L2D'],2020-06-19,+ Add,Every 2.49 Day(s),91.1k,2.2m
326,Joe Rikiichi,VTuber,Nijisanji,[],Male,['Japanese'],"['3D', 'L2D']",2018/09/04,+ Add,Every 2.52 Day(s),350k,51.3m
327,Todo Kohaku,VTuber,Nijisanji,[],Female,['Japanese'],['L2D'],2020/08/10,+ Add,Every 5.66 Day(s),105k,8.3m
328,うみCh.幽ヶ崎海愛,VTuber,Independent,[],Female,['Japanese'],[],+ Add,+ Add,Every 4.76 Day(s),102k,6.1m
329,Yumeno Shiori,VTuber,IRIAM,[],Female,['Japanese'],['L2D'],2018/04/19,+ Add,Every 5.45 Day(s),123k,12m
330,BKNChannel,VTuber,Independent,[],Female,['Japanese'],[],+ Add,+ Add,Every 35.87 Day(s),182k,2.9m
331,Yuzuki Roa,VTuber,Nijisanji,[],Female,['Japanese'],['L2D'],2019/01/17,+ Add,Every 1.79 Day(s),350k,36.2m
332,Qualia Qu,VTuber,Re:AcT,[],Female,"['Japanese', 'Thai']",['L2D'],2020/06/29,+ Add,Every 1.4 Day(s),139k,10.3m
333,Umai Lele,VStreamer,Independent,"['Chatting', 'Gaming']",Female,"['English', 'Filipino']",['L2D'],10/10/2020,Active,Every 3.76 Day(s),81.1k,6.5m
334,Gundo Mirei,VTuber,Nijisanji,[],Female,['Japanese'],"['3D', 'L2D']",2019/01/20,+ Add,Every 0.87 Day(s),382k,55m
335,THE BINARY mido & あかまる,VTuber,Independent,[],Female,['Japanese'],[],+ Add,+ Add,Every 36.05 Day(s),71.4k,10m
336,Ai Angel,VTuber,Independent,[],Female,['English'],['3D'],2019/04/17,+ Add,Every 7.1 Day(s),719k,21.1m
337,ARu子,VTuber,Independent,[],Female,['Japanese'],[],+ Add,+ Add,Every 29.93 Day(s),91k,9.7m
338,Miyu Ottavia,VTuber,Nijisanji,[],Female,['Indonesian'],['L2D'],21/12/2019,+ Add,Every 2.45 Day(s),78.2k,3.3m
339,Kagami Hayato,VTuber,Nijisanji,[],Male,['Japanese'],"['3D', 'L2D']",2019/07/06,+ Add,Every 1.54 Day(s),457k,90.5m
340,Kirara Mimi,VTuber,Independent,[],Male,['Japanese'],[],+ Add,+ Add,Every 1.4 Day(s),255k,5.9m
341,Yashiro Kizuku,VTuber,Nijisanji,[],Male,['Japanese'],"['3D', 'L2D']",2018/06/06,+ Add,Every 1.55 Day(s),551k,111m
342,Higuchi Kaede,VTuber,Nijisanji,[],Female,['Japanese'],"['3D', 'L2D']",2018/02/08,+ Add,Every 1.94 Day(s),475k,67.8m
343,Shirayuki Tomoe,VTuber,Nijisanji,[],Female,['Japanese'],['L2D'],2019/11/30,+ Add,Every 1.28 Day(s),341k,46.1m
344,Aki Rosenthal,VTuber,Hololive,"['Chatting', 'Gaming', 'Music']",Female,['Japanese'],"['3D', 'L2D']",2018/06/07,Active,Every 1.9 Day(s),620k,27.6m
345,Shirahari Uni,VTuber,Independent,"['Chatting', 'Gaming', 'Music']",Female,['Japanese'],['L2D'],05/08/2021,Active,Every 1.16 Day(s),113k,702.6k
346,Mirai Akari,VTuber,Independent,"['Gaming', 'Music']",Female,['Japanese'],['3D'],2017/10/27,Active,Every 3.14 Day(s),709k,78.2m
347,Nano ch. / 天使なの,VTuber,Independent,[],Female,['Japanese'],[],+ Add,+ Add,Every 1.7 Day(s),230k,2.7m
348,Ex Albio,VTuber,Nijisanji,[],Male,['Japanese'],['L2D'],2019/05/21,+ Add,Every 1.31 Day(s),301k,62.7m
349,Suzuhara Lulu,VTuber,Nijisanji,"['Chatting', 'Gaming']",Female,['Japanese'],"['3D', 'L2D']",2019/05/01,Active,Every 2.07 Day(s),567k,2.6m
350,Asahina Akane,VTuber,Nijisanji,[],Female,['Japanese'],['L2D'],2020/08/10,+ Add,Every 1.91 Day(s),144k,13.5m
351,LittleNii_,VTuber,Independent,[],Female,['English'],[],+ Add,+ Add,Every 4.63 Day(s),229.8k,15.3m
352,Nia Redalion,VTuber,MAHAPANCA,[],Female,['Indonesian'],['L2D'],2020/08/05,+ Add,Every 1.97 Day(s),125k,4.7m
353,Yamikumo Kerin,VTuber,BANs,[],Male,['Japanese'],"['3D', 'L2D']",2018/02/21,+ Add,Every 7.78 Day(s),159k,27.6m
354,Tsunomaki Watame,VTuber,Hololive,"['Chatting', 'Gaming', 'Music']",Female,['Japanese'],"['3D', 'L2D']",2019/12/29,Active,Every 0.88 Day(s),1.1m,132.2m
355,Oda Nobuhime,VTuber,Upd8,[],Female,['Japanese'],['3D'],2018/04/15,Retired,Every 6.87 Day(s),239k,34.7m
356,Ryugasaki Rene,VTuber,Sugar Lyric (シュガーリリック),"['Chatting', 'Gaming', 'Music']",Female,['Japanese'],['L2D'],2020/03/28,Active,Every 1.01 Day(s),112k,10.3m
357,Natori Sana,VTuber,Independent,"['Art', 'Chatting', 'Gaming']",Female,['Japanese'],"['3D', 'L2D']",2018/03/16,Active,Every 3.15 Day(s),266k,24.9m
358,すーちゃんねる,VTuber,Independent,[],Female,['Japanese'],[],+ Add,+ Add,Every 1.29 Day(s),277k,30.4m
359,Uruha Rushia,VTuber,Hololive,"['Chatting', 'Gaming', 'Music']",Female,['Japanese'],"['3D', 'L2D']",2019/07/18,Active,Every 1.37 Day(s),1.5m,138.4m
360,Kuroi Shiba,VTuber,Nijisanji,"['Chatting', 'Gaming']",Female,['Japanese'],['L2D'],2018/09/25,Active,Every 10.42 Day(s),180k,14.7m
361,APOKI TV,VTuber,Independent,[],Female,['Japanese'],[],+ Add,+ Add,Every 6.45 Day(s),295k,25.9m
362,Setsuna,VTuber,Nijisanji,[],Female,['Japanese'],['L2D'],2018/08/03,Retired,Every 17.93 Day(s),72.5k,4.1m
363,Astel Leda,VTuber,Hololive,[],Male,['Japanese'],['L2D'],2019/12/07,+ Add,Every 1.34 Day(s),180k,12.9m
364,Ceres Fauna,VTuber,Hololive,"['Art', 'ASMR', 'Chatting', 'Gaming']",Female,['English'],['L2D'],08/23/2021,Active,Every 1.64 Day(s),411k,17.6m
365,Shizuka Rin,VTuber,Nijisanji,[],Female,['Japanese'],"['3D', 'L2D']",2018/02/10,+ Add,Every 1.68 Day(s),347k,54.3m
366,Kashiko Mari,VTuber,Upd8,[],Female,['Japanese'],[],2018/02/13,+ Add,Every 2.69 Day(s),119k,21.6m
367,しきぶTV,VTuber,Independent,[],Female,['Japanese'],[],+ Add,+ Add,Every 1.01 Day(s),144k,105.9m
368,Dennou Shojo Siro,VTuber,.LIVE,[],Female,['Japanese'],['3D'],2017/06/28,+ Add,Every 4.82 Day(s),679k,118m
369,ともえとエルゼのほんわかASMR,VTuber,Independent,[],Female,['Japanese'],[],+ Add,+ Add,Every 1.25 Day(s),133k,44.2m
370,超人女子戦士 ガリベンガーV,VTuber,Independent,[],Female,['Japanese'],[],+ Add,+ Add,Every 2.17 Day(s),162k,39.1m
371,久遠たま-Tama Channel-,VTuber,Independent,[],Female,['Japanese'],[],+ Add,+ Add,Every 1.19 Day(s),96.7k,7m
372,RaddPupper,VTuber,Independent,[],Female,['English'],[],+ Add,+ Add,Every 35.11 Day(s),1.4m,61.5m
373,nux taku,VStreamer,Independent,"['Anime', 'Chatting', 'Gaming', 'Manga']",Female,['English'],['L2D'],Aug 18 2014,Active,Every 4.56 Day(s),266.7k,977.9k
374,Luis Cammy,VTuber,Nijisanji,[],Female,['Japanese'],['L2D'],2019/11/03,+ Add,Every 1.67 Day(s),185k,17.1m
375,Ginjo sisters,VTuber,Independent,[],Female,['Japanese'],['L2D'],2018/04/26,+ Add,Every 2.68 Day(s),80.9k,5.4m
376,Tenjin Kotone,VTuber,Independent,[],Female,['Japanese'],['3D'],2018/04/27,Active,Every 2.19 Day(s),341k,89.4m
377,Girl Dm,VStreamer,Independent,[],Female,['English'],['3D'],2020/05/07,+ Add,Every 1.63 Day(s),155.5k,1.4m
378,波羅ノ鬼,VTuber,Independent,[],Female,['Japanese'],[],+ Add,+ Add,Every 5.7 Day(s),167k,21.4m
379,Magrona,VTuber,Independent,[],Female,['Japanese'],['L2D'],2018/06/05,+ Add,Every 1.06 Day(s),95.7k,8.6m
380,Inui Toko,VTuber,Nijisanji,"['Chatting', 'Gaming', 'Music']",Female,['Japanese'],"['3D', 'L2D']",2019/03/23,Active,Every 3.6 Day(s),557k,75.9m
381,Reina Official Live,VTuber,Independent,[],Female,['Japanese'],[],+ Add,Retired,Every 2.13 Day(s),72.8k,3.8m
382,Suntory Nomu,VTuber,Independent,[],Female,['Japanese'],['3D'],2018/08/17,+ Add,Every 7.25 Day(s),165k,34.3m
383,ココツキCocoTsuki Project,VTuber,Independent,[],Female,['Japanese'],[],+ Add,+ Add,Every 2.29 Day(s),77.8k,8.6m
384,Ginga Alice,VTuber,Balus,['Chatting'],Female,['Japanese'],['3D'],2018/05/14,Active,Every 6.24 Day(s),74.5k,10.5m
385,Virtual Noja Loli Kitsunemusume Youtuber Ojisan,VTuber,REALITY,[],Female,['Japanese'],['3D'],2017/12/05,+ Add,Every 16.83 Day(s),176k,14.9m
386,Mononobe Alice,VTuber,Nijisanji,[],Female,['Japanese'],"['3D', 'L2D']",2018/03/13,+ Add,Every 3.93 Day(s),242k,23.9m
387,Inugami Korone,VTuber,Hololive,"['Chatting', 'Gaming', 'Music']",Female,['Japanese'],"['3D', 'L2D']",2019/04/13,Active,Every 1.52 Day(s),1.8m,178.8m
388,Shiina Yuika,VTuber,Nijisanji,[],Female,['Japanese'],"['3D', 'L2D']",2018/08/01,+ Add,Every 1.45 Day(s),535k,109.6m
389,Nekonoki Mochi,VTuber,.LIVE,[],Female,['Japanese'],"['3D', 'L2D']",2018/05/06,Retired,Every 9.33 Day(s),75.2k,4.6m
390,눈보라 / Bora Nun 【NIJISANJI KR】,VTuber,Independent,[],Female,['Japanese'],[],+ Add,+ Add,Every 1.52 Day(s),259k,624.6k
391,kson ONAIR,VTuber,Independent,[],Female,"['English', 'Japanese']",['3D'],2018-10-26,Active,Every 3.06 Day(s),1.1m,40.8m
392,hololive English,VTuber,Hololive,[],Female,['English'],[],+ Add,+ Add,Every 27.53 Day(s),411k,11.8m
393,Tsukino Mito,VTuber,Nijisanji,"['Chatting', 'Gaming']",Female,['Japanese'],"['3D', 'L2D']",2018/02/07,Active,Every 2.24 Day(s),807k,187m
394,Obaachan,VTuber,Independent,[],Female,['Japanese'],['3D'],2018/01/30,+ Add,Every 1.57 Day(s),272k,96m
395,Delutaya,VTuber,Independent,"['Chatting', 'Gaming', 'Music']",Female,['Japanese'],[],+ Add,Active,Every 22.33 Day(s),183k,1.3m
396,Kano (Hanayori),VTuber,Independent,[],Female,['Japanese'],"['3D', 'L2D']",2019/08/01,+ Add,Every 4.96 Day(s),116k,3.3m
397,兎咲ミミ / Tosaki Mimi,VTuber,Independent,[],Female,['Japanese'],[],+ Add,+ Add,Every 1.25 Day(s),82.7k,5.6m
398,Emoco,VTuber,Independent,[],Female,['Japanese'],['3D'],2018/04/24,+ Add,Every 8.78 Day(s),129k,14m
399,PinkTrilobite,VStreamer,Independent,[],Female,['English'],['3D'],03/10/2020,+ Add,Every 3.75 Day(s),73.9k,762.6k
400,Amane Kanata,VTuber,Hololive,"['Chatting', 'Gaming', 'Music']",Female,['Japanese'],"['3D', 'L2D']",2019/12/27,Active,Every 0.76 Day(s),1.1m,164m
401,Dola,VTuber,Nijisanji,[],Female,['Japanese'],"['3D', 'L2D']",2018/06/07,+ Add,Every 2.43 Day(s),296k,30.7m
402,Aiba Uiha,VTuber,Nijisanji,[],Female,['Japanese'],[],+ Add,+ Add,Every 2.19 Day(s),306k,27.2m
403,Tokoyami Towa,VTuber,Hololive,"['Chatting', 'Gaming', 'Music']",Female,['Japanese'],"['3D', 'L2D']",2020/01/03,Active,Every 1.14 Day(s),907k,80.2m
404,Saegusa Akina,VTuber,Nijisanji,[],Male,['Japanese'],['L2D'],2019/04/07,+ Add,Every 1.84 Day(s),422k,72.2m
405,Hoozuki Warabe,VTuber,NoriPro,"['Art', 'Chatting', 'Education', 'Gaming', 'Music']",Male,['Japanese'],"['L2D', 'PNG']",+ Add,Active,Every 1.55 Day(s),141k,8.6m
406,Yukishiro Mahiro,VTuber,Nijisanji,[],Female,['Japanese'],['L2D'],2019/05/01,+ Add,Every 1.36 Day(s),138k,6.2m
407,Yumeoi Kakeru,VTuber,Nijisanji,[],Male,['Japanese'],"['3D', 'L2D']",2018/09/25,+ Add,Every 2.2 Day(s),269k,54.7m
408,shachimu,VTuber,Independent,[],Male,['English'],['3D'],+ Add,+ Add,Every 5.49 Day(s),1m,29m
409,Hanasaki Miyabi,VTuber,Hololive,[],Male,['Japanese'],['L2D'],2019/06/08,+ Add,Every 1.49 Day(s),114k,3.5m
410,Mikado CH.帝,VTuber,Independent,[],Male,['Japanese'],[],+ Add,+ Add,Every 1.77 Day(s),102k,8.7m
411,杏仁ミル,VTuber,Independent,[],Male,['Japanese'],[],+ Add,+ Add,Every 1.21 Day(s),368k,26m
412,Hina Misora,VTuber,WACTOR,"['Chatting', 'Gaming']",Female,"['Japanese', 'Spanish']",['L2D'],5/25/2021,Active,Every 1.31 Day(s),96.1k,4.3m
413,Kakyoin Chieri,VTuber,.LIVE,[],Female,['Japanese'],"['3D', 'L2D']",2018/05/05,+ Add,Every 0.82 Day(s),106k,19.9m
414,Nanahira,VTuber,Independent,[],Female,['Japanese'],['L2D'],9 March 2020,+ Add,Every 9.96 Day(s),136k,14.4m
415,Rindou Mikoto,VTuber,Nijisanji,[],Female,['Japanese'],"['3D', 'L2D']",2018/08/31,+ Add,Every 4.28 Day(s),477k,45.6m
416,Azuma Lim,VTuber,Cyber V,[],Female,['Japanese'],['3D'],2018/03/01,+ Add,Every 4.62 Day(s),207k,9.3m
417,Yomemi,VTuber,Independent,[],Female,['Japanese'],['3D'],2019/09/02,+ Add,Every 9.22 Day(s),494k,78.9m
418,Genzuki Tojiro,VTuber,Nijisanji,[],Male,['Japanese'],['L2D'],2020/04/04,+ Add,Every 2.1 Day(s),219k,27.5m
419,Kamishiro Natsume,VTuber,Independent,[],Female,['Japanese'],"['3D', 'L2D']",2019/11/08,+ Add,Every 1.82 Day(s),77.4k,7.8m
420,Kuzuha,VTuber,Nijisanji,[],Male,['Japanese'],"['3D', 'L2D']",2018/03/08,Active,Every 1.22 Day(s),1.2m,376.5m
421,Bunny GIF,VTuber,Independent,[],Female,['English'],['3D'],2020-06-03,+ Add,Every 2.08 Day(s),194.2k,2.9m
422,GUDETAMA / ぐでたま【Sanrio Official】,VTuber,Independent,[],Female,['Japanese'],[],+ Add,+ Add,Every 1.11 Day(s),254k,104.7m
423,Weatheroid Type A Airi,VTuber,Independent,[],Female,['Japanese'],['3D'],2018/05/17,+ Add,Every 3.79 Day(s),133k,12.4m
424,Lyrica,VTuber,Independent,[],Female,"['English', 'Filipino']",['L2D'],2020-06-05,Active,Every 1.06 Day(s),133k,3.2m
425,Yamagami Karuta,VTuber,Nijisanji,[],Female,['Japanese'],['L2D'],2019/10/19,+ Add,Every 1.74 Day(s),161k,13.3m
426,hololive Indonesia,VTuber,Hololive,[],Female,['Indonesian'],[],+ Add,+ Add,Every 10.33 Day(s),239k,7.5m
427,somunia room,VTuber,Independent,[],Female,['Japanese'],[],+ Add,+ Add,Every 38.62 Day(s),99.4k,10.4m
428,シャンデリ【Claw Machine Japan】,VTuber,Independent,[],Female,['Japanese'],[],+ Add,+ Add,Every 8.24 Day(s),118k,36m
429,Kaguya Luna,VTuber,VIC,['Music'],Female,['Japanese'],['3D'],2017/09/12,Active,Every 17.6 Day(s),930k,109.4m
430,Ratna Petit,VTuber,Nijisanji,[],Female,['Japanese'],['L2D'],2019/08/13,+ Add,Every 1.52 Day(s),340k,57.4m
431,幸祜 – koko –,VTuber,Independent,[],Female,['Japanese'],[],+ Add,+ Add,Every 6.72 Day(s),158k,23.1m
432,Amicia Michella,VTuber,Nijisanji,[],Female,['Indonesian'],['L2D'],2019/12/21,+ Add,Every 1.58 Day(s),72.2k,3.9m
433,Airani Iofifteen,VTuber,Hololive,"['Art', 'ASMR', 'Chatting', 'Gaming', 'Music']",Female,"['English', 'Indonesian', 'Japanese']",['L2D'],2020/04/12,Active,Every 1.82 Day(s),501k,14.7m
434,Nekoyama Sena,VTuber,Yume Reality,"['Art', 'Chatting', 'Gaming', 'Music']",Female,['Indonesian'],['L2D'],08/26/2020,Active,Every 1.38 Day(s),272k,7.9m
435,Kaheru,VTuber,Independent,[],Female,"['English', 'Filipino', 'Japanese']",['3D'],2018-05-16,Active,Every 3.82 Day(s),233k,12.7m
436,Mana Renewal,VTuber,Independent,[],Female,['Russian'],['3D'],2018/01/26,+ Add,Every 5.13 Day(s),105k,5m
437,Live Animation Heart x Algorhythm,VTuber,Independent,[],Female,['Japanese'],[],+ Add,+ Add,Every 3.25 Day(s),102k,10m
438,Gorilla,VTuber,Independent,[],Male,['Japanese'],"['3D', 'L2D']",2018/01/13,+ Add,Every 21.8 Day(s),92.7k,7.9m
439,Aizono Manami,VTuber,Nijisanji,[],Female,['Japanese'],['L2D'],2019/04/07,+ Add,Every 4.63 Day(s),169k,10.9m
440,Sister Cleaire,VTuber,Nijisanji,[],Female,['Japanese'],['L2D'],2018/06/05,+ Add,Every 1.34 Day(s),406k,51.4m
441,Evgen Les/Ninel Akimova,VTuber,Independent,[],Female,[],[],12.07.2011,+ Add,Every 88.47 Day(s),95.6k,7.2m
442,猫小夜くろえ,VTuber,Independent,[],Female,['Japanese'],[],+ Add,+ Add,Every 1.24 Day(s),74.4k,5.9m
443,And Uge,VTuber,VApArt (ブイアパ),[],Female,['Japanese'],['L2D'],2019/02/16,+ Add,Every 1.01 Day(s),169k,24.2m
444,Ayunda Risu,VTuber,Hololive,"['Chatting', 'Gaming', 'Music']",Female,"['English', 'Indonesian']",['L2D'],2020/04/10,Active,Every 1.21 Day(s),588k,38.9m
445,Hatsune Miku (LS),VTuber,Independent,['Music'],Female,['Japanese'],['3D'],2019/02/22,Active,Every 12.73 Day(s),71.3k,4.8m
446,Ashizawa Saki,VTuber,Independent,[],Female,['Japanese'],[],+ Add,+ Add,Every 4.57 Day(s),230k,60.8m
447,Hakase Fuyuki,VTuber,Nijisanji,[],Female,['Japanese'],"['3D', 'L2D']",2019/07/06,+ Add,Every 1.19 Day(s),336k,59m
448,Nishizono Chigusa,VTuber,Nijisanji,[],Female,['Japanese'],['L2D'],2020/08/10,+ Add,Every 0.8 Day(s),315k,32.9m
449,Hakari Kanna,VTuber,Starry Sky Academy,[],Female,['Japanese'],"['3D', 'L2D']",2018/07/12,+ Add,Every 9.15 Day(s),109k,7.3m
450,Nakiri Ayame,VTuber,Hololive,"['Chatting', 'Gaming', 'Music']",Female,['Japanese'],"['3D', 'L2D']",2018/09/03,Active,Every 5.25 Day(s),1.2m,64.7m
451,Hizuki Miu,VTuber,VRIDOL,[],Female,['Japanese'],"['3D', 'L2D']",2018/10/21,+ Add,Every 1.8 Day(s),186k,8.5m
452,Arurandeisu,VTuber,Hololive,[],Male,['Japanese'],['L2D'],2019/09/08,+ Add,Every 0.59 Day(s),150k,7.7m
453,dakooters,VStreamer,Independent,['Gaming'],Agender,['English'],['L2D'],+ Add,Active,Every 34.85 Day(s),357.9k,62.4m
454,Yuhi Riri,VTuber,Nijisanji,[],Female,['Japanese'],['L2D'],2018/05/13,+ Add,Every 2.03 Day(s),213k,26.3m
455,yueko__,VTuber,Independent,[],Female,['English'],['L2D'],+ Add,Active,Every 2.6 Day(s),84.5k,1.8m
456,Kagami Kira,VTuber,Hololive,[],Male,['Japanese'],['L2D'],2019/06/09,+ Add,Every 2.93 Day(s),74.9k,790.8k
457,EeveeA,VStreamer,Independent,"['Gaming', 'LGBTQ+']",Female,['English'],['L2D'],10/28/2020,Active,Every 17.6 Day(s),91.5k,3m
458,Vezypoo,VStreamer,Independent,"['Anime', 'Manga', 'Voice Acting']",Male,['English'],['3D'],01/05/2018,Active,Every 1.16 Day(s),849.1k,119.6m
459,Jitomi Monoe,VTuber,Vox Monsters Project,[],Female,['Japanese'],['L2D'],2020/03/19,+ Add,Every 1.38 Day(s),103k,3.9m
460,Takamiya Rion,VTuber,Nijisanji,[],Female,['Japanese'],"['3D', 'L2D']",2018/08/09,+ Add,Every 0.98 Day(s),429k,78m
461,Onomachi Haruka,VTuber,Nijisanji,[],Female,['Japanese'],['L2D'],2019/01/22,+ Add,Every 1.04 Day(s),181k,20.8m
462,Natsuiro Matsuri,VTuber,Hololive,"['Chatting', 'Gaming', 'Music']",Female,['Japanese'],"['3D', 'L2D']",2018/06/01,Active,Every 1.11 Day(s),1.2m,100.3m
463,Rikka,VTuber,Hololive,[],Male,['Japanese'],"['3D', 'L2D']",2019/10/20,+ Add,Every 1.59 Day(s),198k,12.2m
464,Sentan,VTuber,Independent,['Gaming'],Male,['Japanese'],['PNG'],+ Add,Active,Every 0.37 Day(s),206k,90.6m
465,Annoying Orange,VTuber,Independent,[],Male,['English'],"['3D', 'GIF', 'JPEG', 'PNG']",2009-10-09,Active,Every 2.16 Day(s),11m,7.6b
466,怪奇！YesどんぐりRPG,VTuber,Independent,[],Male,['Japanese'],[],+ Add,+ Add,Every 0.95 Day(s),88.6k,42m
467,鹿乃チャンネルofficial,VTuber,Independent,[],Male,['Japanese'],[],+ Add,+ Add,Every 12.58 Day(s),344k,54.5m
468,Makaino Ririmu,VTuber,Nijisanji,"['Chatting', 'Gaming']",Female,['Japanese'],['L2D'],2018/08/02,Active,Every 1.8 Day(s),270k,30.8m
469,Nekomata Okayu,VTuber,Hololive,"['Chatting', 'Gaming', 'Music']",Female,['Japanese'],"['3D', 'L2D']",2019/04/06,Active,Every 1.27 Day(s),1.3m,151.1m
470,松村上久郎,VTuber,Independent,[],Female,['Japanese'],[],+ Add,+ Add,Every 3.13 Day(s),150k,15m
471,ZEA Cornelia,VTuber,Nijisanji,[],Female,['Indonesian'],['L2D'],2019/09/13,+ Add,Every 2.21 Day(s),85k,3.6m
472,SE:A,VTuber,Independent,[],Female,['Korean'],['L2D'],2018/07/10,+ Add,Every 1.28 Day(s),74.5k,14m
473,Yozora Mel,VTuber,Hololive,"['Chatting', 'Gaming', 'Music']",Female,['Japanese'],"['3D', 'L2D']",2018/05/13,Active,Every 3.04 Day(s),669k,21.1m
474,Enomiya Milk,VTuber,NoriPro,[],Female,['Japanese'],['L2D'],2020/04/07,+ Add,Every 3.06 Day(s),106k,2.9m
475,Inui Shinichiro,VTuber,Independent,[],Male,['Japanese'],"['3D', 'L2D']",2018/01/15,+ Add,Every 1.9 Day(s),83.5k,4.9m
476,Emma August,VTuber,Nijisanji,"['Chatting', 'Gaming', 'Music']",Female,['Japanese'],['L2D'],+ Add,Active,Every 2.79 Day(s),198k,10.6m
477,Suwie,VTuber,Independent,[],Female,['Japanese'],[],+ Add,+ Add,Every 6.76 Day(s),196k,4.8m
478,英リサ,VTuber,Independent,[],Female,['Japanese'],[],+ Add,+ Add,Every 1.3 Day(s),113k,8.1m
479,Izumo Kasumi,VTuber,Nijisanji,[],Female,['Japanese'],['L2D'],2018/06/07,+ Add,Every 7.2 Day(s),113k,3.6m
480,Himesaki Yuzuru,VTuber,NoriPro,[],Female,['Japanese'],['L2D'],2020/09/15,+ Add,Every 2.75 Day(s),78.2k,2.2m
481,AZKi,VTuber,Hololive,[],Female,['Japanese'],['3D'],2018/11/15,+ Add,Every 5.06 Day(s),556k,25m
482,sensenzawa,VStreamer,Independent,[],Female,['English'],[],+ Add,Retired,Every 27.87 Day(s),1.3m,117.6m
483,Lunaria Ayaren ,VStreamer,EpyPro,"['Art', 'Chatting', 'Cooking', 'Gaming', 'LGBTQ+']",Female,"['English', 'Spanish']",['3D'],05/16/2019,Active,Every 2.32 Day(s),89.5k,1.9m
484,Gwelu Os Gar,VTuber,Nijisanji,[],Male,['Japanese'],['L2D'],2019/11/30,+ Add,Every 1.53 Day(s),349k,74.1m
485,FlashyKlau ,VStreamer,Independent,"['Anime', 'Art', 'Chatting', 'Gaming', 'Manga', 'Mature']",Female,['English'],['3D'],"Jan 2020, Re-debut 27th Feb 2021",Active,Every 1.57 Day(s),637.2k,11.2m
486,すあだちゃんねる,VTuber,Independent,[],Female,['Japanese'],[],+ Add,+ Add,Every 8.24 Day(s),76.8k,16.3m
487,ArtsyVRC,VTuber,Independent,"['ASMR', 'Chatting', 'LGBTQ+']",Male,"['English', 'French']",['3D'],+ Add,Active,Every 1.8 Day(s),207.9k,18.1m
488,橘ひなの / Hinano Tachibana,VTuber,Independent,[],Male,['Japanese'],[],+ Add,+ Add,Every 0.92 Day(s),236k,29.5m
489,Evelyn,VTuber,Independent,['Gaming'],Female,"['English', 'Indonesian', 'Japanese']",['L2D'],2019/01/13,Active,Every 2.5 Day(s),73.8k,2.2m
490,神成きゅぴ,VTuber,Independent,[],Female,['Japanese'],[],+ Add,+ Add,Every 1.72 Day(s),134k,7.8m
491,Tenkai Tukasa,VTuber,BANs,[],Male,['Japanese'],['L2D'],2018/06/02,+ Add,Every 0.93 Day(s),254k,60.1m
492,Hatoba Tsugu,VTuber,Independent,[],Female,['Japanese'],[],2018/02/28,+ Add,Every 57.75 Day(s),201k,10.5m
493,Kureiji Ollie,VTuber,Hololive,"['Chatting', 'Gaming']",Female,"['English', 'Indonesian', 'Japanese']",['L2D'],12/04/2020,Active,Every 1.1 Day(s),936k,39.4m
494,Taka Radjiman,VTuber,Nijisanji,[],Male,['Indonesian'],['L2D'],2019/09/13,+ Add,Every 1.15 Day(s),95.3k,6.1m
495,Kenmochi Toya,VTuber,Nijisanji,[],Male,['Japanese'],"['3D', 'L2D']",2018/03/14,+ Add,Every 4.85 Day(s),516k,86.6m
496,Ange Katrina,VTuber,Nijisanji,[],Female,['Japanese'],"['3D', 'L2D']",2019/03/23,+ Add,Every 3.12 Day(s),585k,83.5m
497,Sasaki Saku,VTuber,Nijisanji,['Gaming'],Female,['Japanese'],"['3D', 'L2D']",2018/07/07,Active,Every 1.68 Day(s),676k,120.1m
498,Isekaijoucho,VTuber,KAMITSUBAKI STUDIO,[],Female,['Japanese'],['L2D'],2019/12/09,+ Add,Every 10.86 Day(s),158k,26.6m
499,Himemori Luna,VTuber,Hololive,"['Chatting', 'Gaming', 'Music']",Female,['Japanese'],"['3D', 'L2D']",2020/01/04,Active,Every 1.07 Day(s),751k,42m
